reference_seed,comparison_seed,adjusted_rand_index
20260709,20260710,0.971289714341918
20260709,20260711,0.9982728513569938
20260709,20260712,0.998852636722365
20260709,20260713,0.9977073331606252
20260709,20260714,0.9922102068121149
