segment,n_customers,mean_cash_ratio,mean_aum
Cash-heavy cautious investors,407,0.5266643426659177,68723.60073710074
High-value engaged investors,457,0.31649523278849795,121841.07759299781
Pension builders approaching retirement,471,0.23536773076893153,113277.2792356688
Emerging monthly investors,614,0.2144331564994159,61583.45952768729
Low-engagement or dormant investors,551,0.20542076607936138,52942.72931034483
