n_clusters,silhouette_score,inertia,selected
2,0.23098120782091475,11632.148264621459,False
3,0.17735349252073673,10399.09217610232,False
4,0.17368512144150863,9497.065783233953,False
5,0.14693326920846533,8888.673134318029,True
6,0.14332660725522559,8360.684183070389,False
7,0.14177866380247528,7925.866475917068,False
8,0.14583084924926204,7529.545940865581,False
