segment,n_customers,age_mean,aum_mean,cash_ratio_mean,contribution_18m_mean,active_days_6m_mean,has_isa_mean,has_sipp_mean
Cash-heavy cautious investors,407,42.98280098280098,68723.60073710074,0.5266643426659177,4115.31828009828,34.4938574938575,0.7714987714987716,0.07371007371007371
Emerging monthly investors,614,42.19055374592834,61583.45952768729,0.2144331564994159,6003.700293159609,43.21335504885994,0.8615635179153095,0.016286644951140065
High-value engaged investors,457,58.62582056892779,121841.07759299781,0.316495232788498,7402.652450765864,43.028446389496715,0.8074398249452954,0.986870897155361
Low-engagement or dormant investors,551,42.81669691470054,52942.72931034483,0.20542076607936144,2182.316569872958,28.36479128856624,0.6533575317604355,0.012704174228675136
Pension builders approaching retirement,471,58.010615711252655,113277.2792356688,0.23536773076893155,3955.9729299363057,27.416135881104033,0.7579617834394905,0.9808917197452229
